"title,artist",price
Found/Tonight,Ben Platt & Lin-Manuel Miranda,$0.00
Peaches (from The Super Mario Bros. Movie),Jack Black,$3.99
Succession Theme,Nicholas Britell,$4.99
Perfect,Ed Sheeran,$3.99
Flowers,Miley Cyrus,$4.99
Peaches (from The Super Mario Bros. Movie),Jack Black,$3.99
Flowers,Miley Cyrus,$2.99
Goodness of God,Bethel Music and Jenn Johnson,$3.99
Hallelujah,Leonard Cohen,$3.99
Peaches (from The Super Mario Bros. Movie),Jack Black,$4.99
A Thousand Years,Christina Perri,$4.99
Both Sides Now (from CODA),Emilia Jones,$4.99
A Million Dreams (from The Greatest Showman),Pasek & Paul,$3.99
Another Love,Tom Odell,$3.99
Golden Hour,Jvke,$3.99
Nuvole Bianche,Ludovico Einaudi,$4.99
(Simply) The Best,Tina Turner,$4.99
Don't Stop Believin',Journey,$4.99
Make A Joyful Noise - The Coronation Anthem (for SATB and Piano),Andrew Lloyd Webber,$3.99
Easy On Me,Adele,$4.99
Comptine D'un Autre Ete (from Amelie),Yann Tiersen,$4.99
Bohemian Rhapsody,Queen,$3.99
Heart Of Stone (from Six: The Musical),Toby Marlow & Lucy Moss,$4.99
Thank God I Do,Lauren Daigle,$4.99
All Of Me,John Legend,$3.99
Dance Monkey,Tones And I,$3.99
Wish You The Best,Lewis Capaldi,$4.99
Clair de Lune,Claude Debussy,$4.99
Hedwig's Theme,Nancy and Randall Faber,$2.99
Flowers,Miley Cyrus,$3.99
All Of Me,John Legend,$4.99
Vivaldi Variation,Florian Christl,$4.99
Star Wars (Main Theme),John Williams,$3.99
The Prayer,Celine Dion & Andrea Bocelli,$4.99
Let It Go (from Frozen),Idina Menzel,$2.99
River Flows In You,Yiruma,$3.99
The Rose,Bette Midler,$4.99
Let It Go (from Frozen),Idina Menzel,$3.99
Experience,Ludovico Einaudi,$4.99
For Good (from Wicked),Stephen Schwartz,$4.99
Love Story,Taylor Swift,$3.99
Bloody Mary,Lady Gaga,$3.99
Perfect,Ed Sheeran,$4.99
Part Of Your World (from The Little Mermaid),Alan Menken & Howard Ashman,$4.99
What A Wonderful World,Louis Armstrong,$3.99
The Imperial March (Darth Vader's Theme) (from Star Wars: The Empire Strikes Back),John Williams,$2.99
How Far I'll Go (from Moana),Lin-Manuel Miranda,$2.99
If You Could Read My Mind,Gordon Lightfoot,$4.99
Shallow (from A Star Is Born),Lady Gaga & Bradley Cooper,$3.99
My Way,Frank Sinatra,$4.99
Una Mattina,Ludovico Einaudi,$4.99
Believer,Imagine Dragons,$3.99
Imagine,John Lennon,$4.99
Nuvole Bianche,Ludovico Einaudi,$3.99
Hallelujah,Leonard Cohen,$5.99
Naughty (from Matilda The Musical),Tim Minchin,$4.99
Piano Man,Billy Joel,$4.99
A Million Dreams (from The Greatest Showman),Pasek & Paul,$9.99
Someone Like You,Adele,$4.99
Make You Feel My Love,Adele,$4.99
Fur Elise,Ludwig van Beethoven,$3.99
Star Wars (Main Theme),John Williams,$2.99
Part Of Your World (from The Little Mermaid),Alan Menken & Howard Ashman,$3.99
Hallelujah,Leonard Cohen,$4.99
Poor Unfortunate Souls (from The Little Mermaid: A Broadway Musical),Alan Menken,$4.99
Viva La Vida,Coldplay,$3.99
Let It Be,The Beatles,$4.99
Goodness Of God,Bethel Music and Jenn Johnson,$4.99
Shallow (from A Star Is Born),Lady Gaga & Bradley Cooper,$4.99
You've Got A Friend,Carole King,$4.99
Let It Be,The Beatles,$3.99
Never Enough (from The Greatest Showman),Pasek & Paul,$9.99
The Imperial March (Darth Vader's Theme),John Williams,$3.99
Count On Me,Bruno Mars,$4.99
Over The Rainbow,Harold Arlen,$4.99
Monsters,James Blunt,$4.99
Golden Hour,Jvke,$4.99
Daylight,David Kushner,$4.99
Rolling In The Deep,Adele,$4.99
Dream A Little Dream Of Me,The Mamas & The Papas,$4.99
Here Comes The Sun,The Beatles,$4.99
Piano Man,Billy Joel,$3.99
She Used To Be Mine (from Waitress The Musical),Sara Bareilles,$4.99
You'll Be Back (from Hamilton),Lin-Manuel Miranda,$4.99
Slipping Through My Fingers,ABBA,$4.99
Nothing Else Matters,Metallica,$4.99
Someone You Loved,Lewis Capaldi,$3.99
Sweet Caroline,Neil Diamond,$3.99
You Are The Reason,Calum Scott,$4.99
Dancing Queen,ABBA,$1.99
Hedwig's Theme (from Harry Potter And The Sorcerer's Stone),John Williams,$2.99
Flowers,Miley Cyrus,$3.99
Viva La Vida,Coldplay,$4.99
Mia And Sebastian's Theme (from La La Land),Justin Hurwitz,$4.99
Your Song,Elton John,$4.99
Speechless (from Disney's Aladdin),Naomi Scott,$4.99
Demons,Imagine Dragons,$3.99
Memory (from Cats),Andrew Lloyd Webber,$4.99
Both Sides Now,Joni Mitchell,$3.99
Zadok The Priest,George Frederic Handel,$4.99
Hedwig's Theme (from Harry Potter And The Sorcerer's Stone),John Williams,$3.99
Think Of Me (from Phantom Of The Opera) (Trio),Andrew Lloyd Webber,$4.99
Wild Uncharted Waters (from The Little Mermaid) (2023),Jonah Hauer-King,$4.99
Thinking Out Loud,Ed Sheeran,$4.99
The Rainbow Connection,Kermit The Frog,$4.99
Bluebird,Alexis Ffrench,$4.99
He's A Pirate (from Pirates Of The Caribbean: The Curse Of The Black Pearl),Klaus Badelt,$3.99
You Raise Me Up,Josh Groban,$4.99
When I Grow Up (from Matilda The Musical),Tim Minchin,$4.99
A Thousand Years,The Piano Guys,$4.99
Always Remember Us This Way (from A Star Is Born),Lady Gaga,$4.99
All Of Me,John Legend,$4.99
You Say,Lauren Daigle,$3.99
True Colors,Cyndi Lauper,$4.99
Bridge Over Troubled Water,Simon & Garfunkel,$4.99
Hallelujah,Leonard Cohen,$2.99
At Last,Etta James,$4.99
Skyfall,Adele,$4.99
Hold My Hand (from Top Gun: Maverick),Lady Gaga,$4.99
"Take Me Home, Country Roads",John Denver,$2.99
My Heart Will Go On (Love Theme From Titanic),Celine Dion,$2.99
All I've Ever Known (from Hadestown),Anais Mitchell,$4.99
Fur Elise,Ludwig van Beethoven,$4.99
Stand By Me,Ben E. King,$4.99
Burn (from Hamilton),Lin-Manuel Miranda,$4.99
